{
  "project_info": {
    "project_number": "174784281434",
    "project_id": "myndricai-212121",
    "storage_bucket": "myndricai-212121.firebasestorage.app"
  },
  "client": [
    {
      "client_info": {
        "mobilesdk_app_id": "1:174784281434:android:b3d90f8e2ac65fa0bc1163",
        "android_client_info": {
          "package_name": "com.example.myndricai"
        }
      },
      "oauth_client": [
        {
          "client_id": "174784281434-v361mkk21u4osgorjk80i6hsgmt4vec9.apps.googleusercontent.com",
          "client_type": 1,
          "android_info": {
            "package_name": "com.example.myndricai",
            "certificate_hash": "84edf764d0cf75f9ae1765c5d5597097bfbbe287"
          }
        },
        {
          "client_id": "174784281434-tk798m3jr5gc8dv017h0s3m27or38irm.apps.googleusercontent.com",
          "client_type": 3
        }
      ],
      "api_key": [
        {
          "current_key": "AIzaSyD8ujsas-R-M3cnXhTO1Hwc6giyXvKrqtk"
        }
      ],
      "services": {
        "appinvite_service": {
          "other_platform_oauth_client": [
            {
              "client_id": "174784281434-tk798m3jr5gc8dv017h0s3m27or38irm.apps.googleusercontent.com",
              "client_type": 3
            }
          ]
        }
      }
    }
  ],
  "configuration_version": "1"
}